
CREATE TABLE CUSTOMERS (
    CNAME VARCHAR2(20),
    CITY VARCHAR2(20)
);

INSERT INTO CUSTOMERS VALUES ('ANIL','CALCUTTA');
INSERT INTO CUSTOMERS VALUES ('SUNIL','DELHI');
INSERT INTO CUSTOMERS VALUES ('MEHUL','BARODA');
INSERT INTO CUSTOMERS VALUES ('PRAMOD','NAGPUR');
INSERT INTO CUSTOMERS VALUES ('MADHURI','NAGPUR');

CREATE TABLE BRANCH (
    BNAME VARCHAR2(20),
    CITY VARCHAR2(20)
);

INSERT INTO BRANCH VALUES ('VRCE','NAGPUR');
INSERT INTO BRANCH VALUES ('AJNI','NAGPUR');
INSERT INTO BRANCH VALUES ('KAROLBAGH','DELHI');
INSERT INTO BRANCH VALUES ('ANDHERI','BOMBAY');


CREATE TABLE DEPOSIT (
    ACTNO NUMBER,
    CNAME VARCHAR2(20),
    BNAME VARCHAR2(20),
    AMOUNT NUMBER,
    ADATE DATE
);

INSERT INTO DEPOSIT VALUES (101,'ANIL','VRCE',7000,TO_DATE('01-JAN-06','DD-MON-YY'));
INSERT INTO DEPOSIT VALUES (102,'SUNIL','AJNI',5000,TO_DATE('15-JUL-06','DD-MON-YY'));
INSERT INTO DEPOSIT VALUES (103,'PRAMOD','ANDHERI',6500,TO_DATE('12-MAR-06','DD-MON-YY'));


CREATE TABLE BORROW (
    LOANNO NUMBER,
    CNAME VARCHAR2(20),
    BNAME VARCHAR2(20),
    AMOUNT NUMBER
);

INSERT INTO BORROW VALUES (201,'ANIL','VRCE',1000);
INSERT INTO BORROW VALUES (202,'PRAMOD','ANDHERI',3000);

CREATE TABLE EMPLOYEE (
    EMP_NO NUMBER,
    EMP_NAME VARCHAR2(20),
    EMP_SAL NUMBER,
    DEPT_NO NUMBER
);

INSERT INTO EMPLOYEE VALUES (101,'ANIL',5000,10);
INSERT INTO EMPLOYEE VALUES (102,'SUNIL',6000,20);
INSERT INTO EMPLOYEE VALUES (103,'PRAMOD',7000,30);
INSERT INTO EMPLOYEE VALUES (104,'AMIT',8000,20);

select*from CUSTOMERS;
select*from BRANCH;
select*from DEPOSIT;
select*from BORROW;
select*from EMPLOYEE;

SELECT DISTINCT D.CNAME
FROM DEPOSIT D, BRANCH B
WHERE D.BNAME = B.BNAME
AND B.CITY = (
    SELECT B2.CITY
    FROM DEPOSIT D2, BRANCH B2
    WHERE D2.BNAME = B2.BNAME
    AND D2.CNAME = 'SUNIL'
);

SELECT D.CNAME, D.AMOUNT AS DEPOSIT, B.AMOUNT AS LOAN
FROM DEPOSIT D, BORROW B, CUSTOMERS C
WHERE D.CNAME = B.CNAME
AND D.CNAME = C.CNAME
AND C.CITY = (
    SELECT CITY FROM CUSTOMERS WHERE CNAME = 'PRAMOD'
);

SELECT EMP_NO, EMP_NAME, EMP_SAL
FROM EMPLOYEE
WHERE EMP_SAL > (SELECT AVG(EMP_SAL) FROM EMPLOYEE)
ORDER BY EMP_SAL;

SELECT 'NOT APPLICABLE (No manager column)' FROM DUAL;

SELECT EMP_NAME, DEPT_NO
FROM EMPLOYEE
WHERE DEPT_NO = 10;

SELECT C.CNAME
FROM CUSTOMERS C, DEPOSIT D, BORROW B
WHERE C.CNAME = D.CNAME
AND C.CNAME = B.CNAME
AND C.CITY = 'NAGPUR';

SELECT C.CNAME, C.CITY
FROM CUSTOMERS C, BRANCH B
WHERE C.CITY = B.CITY;

SELECT EMP_NAME, DEPT_NO
FROM EMPLOYEE;

SELECT DISTINCT DEPT_NO
FROM EMPLOYEE
WHERE DEPT_NO = 30;

SELECT E.EMP_NAME, E.DEPT_NO
FROM EMPLOYEE E, CUSTOMERS C
WHERE E.EMP_NAME = C.CNAME
AND C.CITY = 'CALCUTTA';








