CREATE TABLE EMPLOYEE (
EmployeeID NUMBER PRIMARY KEY,
EmployeeName VARCHAR2(15) NOT NULL,
Street VARCHAR2(10) NOT NULL,
City VARCHAR2(10)
);

INSERT INTO EMPLOYEE VALUES (1,&#39;A&#39;,&#39;A_STREET&#39;,&#39;RAJKOT&#39;);
INSERT INTO EMPLOYEE VALUES (2,&#39;B&#39;,&#39;B_STREET&#39;,&#39;JUNAGADH&#39;);
INSERT INTO EMPLOYEE VALUES (3,&#39;C&#39;,&#39;C_STREET&#39;, &#39;MORBI&#39;);
INSERT INTO EMPLOYEE VALUES (4,&#39;D&#39;,&#39;D_STREET&#39;,&#39;RAJKOT&#39;);
INSERT INTO EMPLOYEE VALUES (5,&#39;E&#39;,&#39;E_STREET&#39;,&#39;JUNAGADH&#39;);
INSERT INTO EMPLOYEE VALUES (6,&#39;F&#39;,&#39;F_STREET&#39;, &#39;MORBI&#39;);
INSERT INTO EMPLOYEE VALUES (7,&#39;G&#39;,&#39;G_STREET&#39;,&#39;RAJKOT&#39;);
INSERT INTO EMPLOYEE VALUES (8,&#39;H&#39;,&#39;H_STREET&#39;,&#39;JUNAGADH&#39;);
INSERT INTO EMPLOYEE VALUES (9,&#39;I&#39;,&#39;I_STREET&#39;, &#39;MORBI&#39;);
INSERT INTO EMPLOYEE VALUES (10,&#39;J&#39;,&#39;J_STREET&#39;,&#39;RAJKOT&#39;);

CREATE TABLE COMPANY (
CompanyID NUMBER PRIMARY KEY,
CompanyName VARCHAR2(25) NOT NULL,
City VARCHAR2(10)
);

INSERT INTO COMPANY VALUES (101,&#39;SMALL_BANK_CORPORATION&#39;,&#39;MORBI&#39;);
INSERT INTO COMPANY VALUES (102,&#39;FIRST_BANK_CORPORATION&#39;,&#39;RAJKOT&#39;);
INSERT INTO COMPANY VALUES (103,&#39;SMALL_BANK_CORPORATION&#39;,&#39;MORBI&#39;);
INSERT INTO COMPANY VALUES (104,&#39;FIRST_BANK_CORPORATION&#39;,&#39;RAJKOT&#39;);
INSERT INTO COMPANY VALUES (105,&#39;SMALL_BANK_CORPORATION&#39;,&#39;MORBI&#39;);

CREATE TABLE WORKS (
EmployeeID NUMBER,
CompanyID NUMBER,
SALARY NUMBER(7,2) NOT NULL
);

INSERT INTO WORKS VALUES (1,101,10000);
INSERT INTO WORKS VALUES (2,102,20000);
INSERT INTO WORKS VALUES (3,103,15000);
INSERT INTO WORKS VALUES (4,104,7000);
INSERT INTO WORKS VALUES (5,105,8000);

CREATE TABLE MANAGES (
EmployeeID NUMBER,
ManagerID NUMBER
);

INSERT INTO MANAGES VALUES (1,111);
INSERT INTO MANAGES VALUES (2,222);

INSERT INTO MANAGES VALUES (3,333);
INSERT INTO MANAGES VALUES (4,444);
INSERT INTO MANAGES VALUES (5,555);

SELECT * FROM EMPLOYEE;
SELECT * FROM COMPANY;
SELECT * FROM WORKS;
select * from MANAGES;
